{
  "Nicosia": "Lefkoşa",
  "Kyrenia": "Girne",
  "Famagusta": "Gazimağusa",
  "Morphou": "Güzelyurt",
  "Rizokarpaso": "Dipkarpaz",
  "Lefka": "Lefke",
  "Trikomo": "İskele",
  "Lapithos": "Lapta",
  "Kythrea": "Değirmenlik",
  "Yialousa": "Yeni Erenköy",
  "Agia Triada": "Sipahi",
  "Vokolida": "Bafra",
  "Galinoporni": "Kaleburnu",
  "Leonarisso": "Ziyamet",
  "Koma tou Gialou": "Kumyalı",
  "Eptakomi": "Yedikonuk",
  "Davlos": "Kaplıca",
  "Akanthou": "Tatlısu",
  "Flamoudi": "Mersinlik",
  "Mandres": "Ağıllar",
  "Lefkoniko": "Geçitkale",
  "Gypsou": "Akova",
  "Lapathos": "Boğaziçi",
  "Bogazi": "Boğaz",
  "Agios Iakovos": "Altınova",
  "Ardana": "Ardahan",
  "Gastria": "Kalecik",
  "Agios Andronikos": "Yeşilköy",
  "Agios Theodoros": "Çayırova",
  "Komi Kebir": "Büyükkonuk",
  "Melanarga": "Adaçay",
  "Koroveia": "Kuruova",
  "Agios Symeon": "Avtepe",
  "Vathylakas": "Derince",
  "Lythrangomi": "Boltaşlı",
  "Platanissos": "Balalan",
  "Koilanemos": "Esenköy",
  "Galateia": "Mehmetçik",
  "Livadia": "Sazlıköy",
  "Agios Efstathios": "Zeybekköy",
  "Tavros": "Pamuklu",
  "Monarga": "Boğaztepe",
  "Gerani": "Turnalar",
  "Patriki": "Tuzluca",
  "Ovgoros": "Ergazi",
  "Kantara": "Kantara"
}
